,уровень_0,уровень_1,уровень_2,уровень_3,макс_модуль
cat__wall2comment4_4,-1.207757284290634,-0.37102333703416135,0.2663689948779123,1.312411626446884,1.312411626446884
cat__wall2comment4_1,1.1168162981289829,0.2777819397084141,-0.30641668326447763,-1.0881815545728921,1.1168162981289829
num__notion,0.7417169466006072,0.604909830231998,-0.23202991362901146,-1.1145968632035606,1.1145968632035606
cat__commtypes_Бизнес,1.0512760676640558,0.4093444717575407,-0.6297619995171375,-0.8308585399044506,1.0512760676640558
cat__private5_1,0.6054991508435943,0.2606633872078499,0.1230380418963378,-0.9892005799477379,0.9892005799477379
num__copymail_is_empty,-0.6215447374663051,-0.09925732462758134,-0.19874407884654052,0.9195461409403958,0.9195461409403958
cat__picturechoosedelete_first_3,-0.5822838767853988,0.8961546463386322,0.30683651926455124,-0.620707288817783,0.8961546463386322
cat__private3_2,-0.4250846164372934,-0.41066397406983685,-0.052978632815733756,0.8887272233228822,0.8887272233228822
cat__citationcode_first_5,-0.7492236022215009,-0.3262802621933802,0.24496745970437678,0.8305364047105135,0.8305364047105135
cat__private5_5,0.8269326430518289,0.23373367075578852,-0.7387309032740936,-0.3219354105335293,0.8269326430518289
cat__citationcode_first_6,0.6161275915203651,0.056540329003046404,0.1522015192852644,-0.8248694398087062,0.8248694398087062
cat__private6_1,0.8175654328634567,0.034612554211323754,-0.21110348505112203,-0.6410745020236583,0.8175654328634567
cat__loginchoose_123abc,0.5986684303360256,0.6161394354377676,-0.40210590772301547,-0.8127019580508058,0.8127019580508058
cat__picturechoosedelete_first_6,0.6000104081770041,-0.8008661720854363,0.017273701387231954,0.1835820625212233,0.8008661720854363
cat__picturechoosedelete_first_5,0.7838801520844522,-0.018285848953638918,-0.4860912808396308,-0.2795030222912088,0.7838801520844522
cat__private3_4,0.7815812907300835,-0.17466918159924236,0.08091380642935726,-0.6878259155602261,0.7815812907300835
cat__wall2comment4_2,0.7783630277332271,0.12489147933828594,-0.13017971237935422,-0.7730747946921755,0.7783630277332271
"cat__wall1_Привет! Я думаю, что повезло всем, кто участвует в этом спектакле 💐🤦‍♂️",0.766834289484227,0.2405491097264051,-0.3411206672010845,-0.6662627320095094,0.766834289484227
cat__privacy_Открытое,0.750845270908359,0.10877699414637472,-0.26590080381570264,-0.593721461239034,0.750845270908359
num__citationcode_n_actions,-0.5983003127099372,0.7305534164701627,-0.2807412008825174,0.14848809712229227,0.7305534164701627
cat__exit_1,0.6289601381960582,-0.21878992290479254,0.312736318890056,-0.7229065341813447,0.7229065341813447
"cat__private2_Не думаю, что стоит заходить на такой сайт",-0.7173856813790338,-0.21815583923174195,0.3080774030572821,0.6274641175534972,0.7173856813790338
cat__mail1_3,0.7148588277326765,-0.04927735820529219,-0.4253007308038351,-0.24028073872353506,0.7148588277326765
cat__firstclick_почта,-0.700543017743186,-0.040281691539403024,0.4123939689868629,0.3284307402957222,0.700543017743186
cat__loginchoose_Pom_Rezh125%,-0.5885465595946939,-0.028028163214885483,-0.06650644256901972,0.6830811653786458,0.6830811653786458
num__picturechooseN_is_missing,0.026001663143936832,0.4940494277261562,-0.6788071197859837,0.15875602891586066,0.6788071197859837
cat__commfoto_Изображение 3,-0.6786141545942035,-0.05488813899273482,0.08336689225280144,0.650135401334127,0.6786141545942035
cat__picturechoose_first_6,0.6736069286762266,0.22200815955028047,-0.4726027656363388,-0.42301232259018334,0.6736069286762266
cat__private5_2,-0.6720395885814939,-0.21388815935714134,0.5223814683477153,0.36354627959094893,0.6720395885814939
cat__commеtheme_Постановка спектакля,-0.6662108010275574,-0.27300415635931585,0.3293362909087123,0.609878666478173,0.6662108010275574
cat__picturechoosedelete_first_1,-0.11139938951183727,0.661743930847537,-0.38690943796025157,-0.16343510337546094,0.661743930847537
cat__commtypes_Мероприятие,-0.605817275800955,-0.16127034620801753,0.11104398179945009,0.6560436402095298,0.6560436402095298
"cat__private2_О, прикольно, пусть все посмотрят этот сайт!",0.6557206941536045,0.09197919827368596,-0.2724294881579352,-0.47527040426935946,0.6557206941536045
"cat__wall2_Если тебе что-то не нравится, можешь в спектакле не участвовать и в группе не сидеть!",0.6353449595353422,-0.023651300036405705,-0.23858471288367195,-0.37310894661528365,0.6353449595353422
num__citation_n_sources,-0.6347637196333412,-0.42209071796368497,0.5034204408042108,0.5534339967928245,0.6347637196333412
cat__citationcode_first_4,-0.2997532407461133,-0.32381389746694766,-0.005130078614408901,0.6286972168274656,0.6286972168274656
cat__wall3_Скачай отсюда: www.editvideo.com,-0.3775686773452667,-0.4318210577179236,0.18119195362726762,0.6281977814359287,0.6281977814359287
cat__exit_0,-0.5461998888551604,-0.04802227234000185,-0.025636440736072894,0.6198586019312526,0.6198586019312526
cat__private6_6,-0.5452995782660482,-0.2482833260522033,0.1853743714123456,0.6082085329059077,0.6082085329059077
num__copymail_has_correct_email,-0.6070182954054172,-0.18500225298020478,0.20729075544144673,0.5847297929441885,0.6070182954054172
cat__picturechoosedelete_first_8,-0.29860984315932587,-0.6014960544709343,0.36997123263970355,0.5301346649905627,0.6014960544709343
cat__citationcode_first_3,0.6012456477779938,-0.34650572305720656,-0.37638082748478896,0.12164090276396565,0.6012456477779938
cat__commname_«Сон в летнюю ночь»,0.6009250066798895,0.09264379350715711,-0.1468066499991737,-0.5467621501878543,0.6009250066798895
cat__wall3___MISSING__,0.16747678842910696,0.5976106013555221,-0.2907450138847504,-0.47434237589992484,0.5976106013555221
cat__privacy_Закрытое,-0.5929701097894524,-0.10676024850469383,0.2071240981457571,0.49260626014836706,0.5929701097894524
cat__wall2comment5_1,-0.5878672585055932,0.28981433284885333,0.004771993182055973,0.2932809324746757,0.5878672585055932
cat__savepicture_first_3,0.22096129885680943,0.08213379646088448,0.26679407265921223,-0.5698891679769189,0.5698891679769189
"cat__wall4_Ребята, напишите здесь свои комментарии, что у вас есть",-0.5686836642731817,-0.005120541293102264,0.2422655006083451,0.33153870495793314,0.5686836642731817
cat__picturechoosedelete_first_2,-0.32305263502925363,0.5637765607647995,-0.022497580360763415,-0.2182263453747885,0.5637765607647995
cat__private5_3,-0.5594174851017499,-0.22445498904902503,0.38763043971454136,0.3962420344362202,0.5594174851017499
"cat__wall4_Давайте все напишут свои номера телефонов, а мы им позвоним",0.5576927238009385,0.01249805310043191,-0.15949241059834104,-0.4106983663030441,0.5576927238009385
"cat__wall1_Привет! Я думаю, что повезло всем, кто участвует в этом спектакле 👌🎉",-0.5548500138946524,0.015899988998770005,0.06913927367720184,0.4698107512186929,0.5548500138946524
cat__picturechoosedelete_first_4,-0.3588908476973952,-0.5043329354277788,0.3116009396693982,0.5516228434557799,0.5516228434557799
cat__picturechoose_first_8,-0.5321416444794883,-0.1877195289339588,0.4547546182781105,0.26510655513533765,0.5321416444794883
cat__loginchoose___MISSING__,-0.06308367184015236,-0.5269285083893368,0.48709771056992046,0.10291446965957828,0.5269285083893368
"cat__wall1_Привет! Я думаю, что повезло всем, кто участвует в этом спектакле 🎭🎼",-0.5202165649992609,0.221621735741899,0.10194108256265769,0.19665374669470992,0.5202165649992609
cat__mail1_1,-0.5194646683838466,0.33400203331284944,0.06481211781656102,0.12065051725443153,0.5194646683838466
cat__wall2comment4_3,-0.4622163208363587,-0.17208635719558746,0.1201860256270056,0.5141166524049262,0.5141166524049262
cat__commеtheme_Наше выступление,0.5120723448078697,-0.09969603682598487,-0.10172629557139595,-0.3106500124104654,0.5120723448078697
cat__firstclick_infrequent_sklearn,0.4957630583673526,0.13481988426503178,-0.40288978911267176,-0.22769315351970368,0.4957630583673526
cat__citationcode_first_7,-0.09883482228067852,0.48876646207549296,-0.19337906120660223,-0.196552578588236,0.48876646207549296
cat__wall2comment5_infrequent_sklearn,-0.04879190051245281,-0.48521130249016275,0.14630361351847265,0.3876995894841464,0.48521130249016275
cat__private4_3,-0.30400989141860696,-0.18785946179538884,0.009773110322034007,0.4820962428919794,0.4820962428919794
cat__commеtheme_Театральные будни,0.4799672366773342,0.22911696631130052,-0.30825028577833996,-0.400833917210302,0.4799672366773342
cat__wall1___MISSING__,0.31200521632811307,-0.47786361875321015,0.17222231888099512,-0.006363916455900861,0.47786361875321015
cat__citationcode_first_1,0.41260388871052894,0.05422532486003368,0.005942386301219951,-0.4727715998717952,0.4727715998717952
cat__private5___MISSING__,-0.017766389033569346,0.09818116012786401,-0.46773290496539865,0.3873181338710969,0.46773290496539865
cat__mail2_1,-0.4636862560104836,-0.185238554226969,0.23616785645341298,0.4127569537840308,0.4636862560104836
cat__exit___MISSING__,0.45604573093663586,-0.24442775561969848,-0.31494170365045376,0.1033237283335058,0.45604573093663586
cat__commfoto_Изображение 5,0.17980268727582666,0.45500509694290175,-0.24649780220121048,-0.38830998201751693,0.45500509694290175
cat__private3_5,-0.44134538793621964,-0.008888438156891217,0.08935035625727517,0.3608834698358313,0.44134538793621964
num__citationcode_n_repeats,0.1483015860529523,-0.43621222912918545,0.17885530290258436,0.10905534017364826,0.43621222912918545
num__copymail_len,-0.42664738324834356,-0.019779172350730033,0.1853193078705185,0.2611072477285592,0.42664738324834356
cat__savepicture_first_7,0.0881704031018441,0.3528328687912212,-0.4256463890542685,-0.015356882838784261,0.4256463890542685
cat__private4_5,0.3955958035222954,-0.10351270962405797,0.10983124647122788,-0.40191434036945084,0.40191434036945084
cat__firstclick___MISSING__,0.3960549362856606,-0.2537716744572278,-0.19738467932481846,0.055101417496376114,0.3960549362856606
cat__mail1___MISSING__,0.1030522121768548,-0.3898622562406757,0.2742009530623433,0.012609091001479932,0.3898622562406757
cat__exit_поиск,-0.20172391383334218,0.3876077660320922,-0.07153288459817192,-0.11435096760057974,0.3876077660320922
num__savepictureN_is_missing,-0.1549738154338712,-0.3820935371284054,0.37127365908881466,0.1657936934734515,0.3820935371284054
cat__citationcode_first_8,-0.2945199678074595,0.3710809538331759,0.30471974474273894,-0.3812807307684556,0.3812807307684556
cat__mail2_3,0.37076460551394774,0.01932926188130167,-0.0345625026670447,-0.35553136472819274,0.37076460551394774
"cat__wall2_Да ладно тебе, ты думаешь так, другие ребята могут думать иначе.",-0.3655293705075388,-0.14887128171666894,0.14884596737863592,0.3655546848455711,0.3655546848455711
num__notion_is_missing,-0.36189712637196936,-0.05735329188794866,0.06066278424886639,0.35858763401105004,0.36189712637196936
num__fulltime_is_missing,-0.36189712637196936,-0.05735329188794866,0.06066278424886639,0.35858763401105004,0.36189712637196936
num__openglasha_is_missing,-0.36189712637196936,-0.05735329188794866,0.06066278424886639,0.35858763401105004,0.36189712637196936
cat__private3_1,0.07942287148681336,0.3595817556059512,-0.1516305109648071,-0.2873741161279517,0.3595817556059512
cat__commfoto___MISSING__,0.1682971714914327,-0.3434230695266696,0.0791240677314559,0.09600183030378258,0.3434230695266696
"cat__private1_Ничего себе, расскажу об этом в сообществе!",0.29134119396045544,0.11696299254075976,-0.0667497595844513,-0.3415544269167564,0.3415544269167564
"cat__private2_А ты уверен, что стоит сидеть на этом сайте?",0.3402140931724226,-0.06183991148658045,-0.12546156962740837,-0.15291261205841286,0.3402140931724226
cat__wall3_Скачай отсюда: www.bestsoft.com,0.3384666674159663,0.014230827304402397,-0.0386195513766657,-0.31407794334369743,0.3384666674159663
cat__picturechoose_first___MISSING__,-0.12189626975526842,-0.25693469150903003,0.33372873868476005,0.04510222257953316,0.33372873868476005
cat__private4___MISSING__,-0.04138760172275579,0.09109544531404458,0.2839317042649025,-0.3336395478562007,0.3336395478562007
cat__private3___MISSING__,-0.04138760172275579,0.09109544531404458,0.2839317042649025,-0.3336395478562007,0.3336395478562007
cat__exit_почта,-0.3333091395257849,0.12383940054625521,0.10155671801438833,0.10791302096513887,0.3333091395257849
cat__picturechoose_first_5,0.331240152935602,-0.12005657130380779,-0.13753111065709173,-0.07365247097471125,0.331240152935602
cat__wall2comment5_3,0.3299321744349428,0.10181980795823557,-0.26084928333580726,-0.17090269905737326,0.3299321744349428
cat__commtypes___MISSING__,-0.3220558535392193,0.14379044258784301,0.08282229836077719,0.09544311259059092,0.3220558535392193
cat__commеtheme___MISSING__,-0.3220558535392193,0.14379044258784301,0.08282229836077719,0.09544311259059092,0.3220558535392193
cat__commname___MISSING__,-0.3220558535392193,0.14379044258784301,0.08282229836077719,0.09544311259059092,0.3220558535392193
cat__private6___MISSING__,-0.3022986690866718,0.02300106868630143,0.3153339195968488,-0.03603631919646985,0.3153339195968488
cat__picturechoosedelete_first_7,0.3105714277984725,-0.259738056232749,-0.12608145463759457,0.07524808307186857,0.3105714277984725
cat__picturechoose_first_2,-0.3100833651595009,-0.04168603563714578,0.048396676679074664,0.30337272411756677,0.3100833651595009
cat__wall2comment5_2,0.3015137104142719,-0.04373952639227057,-0.04612019182236933,-0.21165399219963626,0.3015137104142719
cat__wall2comment3_1,0.21179633786674434,0.0908056366003037,-0.0022840816397753827,-0.3003178928272787,0.3003178928272787
cat__wall2comment3_4,-0.24778163383864935,-0.008629636763347132,-0.04120429654010573,0.29761556714210813,0.29761556714210813
cat__private6_2,-0.08509704892393335,0.29759775215249373,-0.23035678506509613,0.01785608183654058,0.29759775215249373
cat__citationcode_first___MISSING__,-0.17201320455147404,0.2966519051496625,-0.18884145126540472,0.06420275066721821,0.2966519051496625
cat__mail1_2,-0.2946734446072431,0.10534479684697094,0.08846966784467553,0.10085897991560422,0.2946734446072431
cat__help_1,0.2930788418176717,-0.09623534977812637,-0.11620883880068368,-0.0806346532388643,0.2930788418176717
cat__savepicture_first_6,-0.28047967223130116,-0.1580144057442131,0.14848477408195748,0.29000930389356466,0.29000930389356466
cat__commdescription_🎭Сообщество для участников спектакля «Сон в летнюю ночь». Только важное.,0.25948610002890177,0.2537416379214326,-0.28978203246540923,-0.22344570548491877,0.28978203246540923
cat__picturechoose_first_4,0.154697055792515,0.15465786376593435,-0.028913698909286255,-0.280441220649156,0.280441220649156
cat__wall2comment4___MISSING__,-0.17745735675255922,0.2794959216898221,0.03828418351942195,-0.1403227484566898,0.2794959216898221
"cat__wall4_Сделай сайт, на котором они смогут тебе ответить",0.03090796005826216,0.1369219886526941,-0.2771012034106116,0.10927125469966766,0.2771012034106116
cat__private6_3,0.2768469118568182,-0.0973108581941163,-0.09427564964886948,-0.0852604040138313,0.2768469118568182
cat__private4_1,0.2765818322126346,0.07839263966096448,-0.19080086733281257,-0.16417360454078045,0.2765818322126346
cat__private2___MISSING__,-0.2747761790285556,0.18822376815849218,0.09199566264780229,-0.005443251777736883,0.2747761790285556
cat__citationcode_first_2,-0.011859363483319124,-0.27045787649002945,0.058082316457342145,0.22423492351600413,0.27045787649002945
"cat__private1_Не думаю, что стоит об этом кому-то рассказывать.",-0.27029712068339473,-0.10304035705318319,0.181906909902746,0.19143056783382978,0.27029712068339473
cat__wall2comment5_5,-0.20914823526503806,0.2638195183689605,0.10962530016212556,-0.16429658326604593,0.2638195183689605
cat__picturechoose_first_1,0.04964230346078156,0.26137834555517675,-0.14189452237862654,-0.16912612663732055,0.26137834555517675
cat__commtypes_Публичная страница,-0.12197087120527095,0.06238261806896706,0.26124935129847304,-0.20166109816217417,0.26124935129847304
cat__savepicture_first_8,0.013597798295448119,-0.07868181230256459,-0.18540086414930038,0.2504848781564221,0.2504848781564221
cat__wall4___MISSING__,-0.06447507987627055,-0.22463441592863417,0.25039133027782245,0.03871816552706352,0.25039133027782245
cat__commname_Наш спектакль «Сон в летнюю ночь»,-0.1015355760122973,-0.10512346588761162,-0.042572337603778286,0.24923137950368957,0.24923137950368957
cat__commtypes_Тематическое сообщество,0.01227551007052666,-0.24818769772637664,0.11509120627066254,0.12082098138519401,0.24818769772637664
cat__private3_3,0.05058637079775209,0.14375160861983377,-0.24740471525124474,0.05306673583365729,0.24740471525124474
cat__commfoto_Изображение 4,0.2378768880924024,-0.15618985187638934,0.0069954947632730295,-0.08868253097927856,0.2378768880924024
cat__commfoto_Изображение 1,0.1960632341181424,0.045432913890081375,-0.005110293738040401,-0.23638585427018863,0.23638585427018863
cat__wall2comment3_3,-0.21821784543274023,0.016065424615808253,-0.0288188871822197,0.23097130799914597,0.23097130799914597
cat__savepicture_first_5,-0.20800296069764032,0.010243405751830456,0.2195228690811303,-0.02176331413532837,0.2195228690811303
cat__wall2comment5___MISSING__,0.21813443635225768,-0.1262956145797676,0.04845057621527958,-0.14028939798778198,0.21813443635225768
cat__savepicture_first_1,0.21766459178114392,-0.12789460487830054,-0.06118933941177524,-0.028580647491065266,0.21766459178114392
cat__commtypes_Сообщество по интересам,-0.06433412574298103,-0.12311020916943304,-0.02663356261267959,0.21407789752510137,0.21407789752510137
cat__private4_2,-0.20094757057993692,0.02489395708803156,-0.03186466935480116,0.20791828284671093,0.20791828284671093
cat__private4_4,-0.1220596450951989,0.0971973450702593,-0.17868851645079278,0.20355081647573778,0.20355081647573778
cat__commname_Спектакль «Сон в летнюю ночь»,-0.17356065020994627,-0.13110355449354055,0.10873869716193453,0.19592550754155616,0.19592550754155616
num__picturechoosedelete_n_actions,0.19161043356874535,-0.16179746958163047,0.018491509876951372,-0.048304473864081994,0.19161043356874535
cat__firstclick_поиск,-0.18750204999141415,0.15944069744544526,0.1900625073703859,-0.16200115482442132,0.1900625073703859
"cat__commdescription_Всем привет! Это сообщество создано для участников спектакля. Здесь будет собрана важная информация, и можно просто пообщаться друг с другом. Но комментарии совсем не по делу будут удаляться. Если вы увидите, что каких-то участников тут не хватает, напишите мне.",0.0030592549311607886,-0.18909832265877596,0.08039102118121134,0.10564804654641204,0.18909832265877596
cat__wall3_Скачай отсюда: www.videoavi.com,-0.124601851581393,-0.1798131552281725,0.1503546195539009,0.1540603872556669,0.1798131552281725
cat__private5_4,-0.17943540426020232,-0.1540278539714827,0.17559586620065024,0.1578673920310414,0.17943540426020232
cat__wall2___MISSING__,-0.12860009927160856,0.17678219783470298,-0.013461855614562427,-0.034720242948535145,0.17678219783470298
cat__wall2comment3_2,0.17298633306535566,-0.15076958789327244,-0.07177322023076185,0.04955647505868085,0.17298633306535566
cat__picturechoose_first_3,-0.09688137313877178,0.11313309953410736,-0.17145534526601142,0.1552036188706784,0.17145534526601142
cat__picturechoose_first_7,-0.14441086141370127,-0.1445734253077117,0.11769941712518536,0.17128486959623612,0.17128486959623612
cat__wall2comment4_5,-0.04397543706425407,-0.13885243079292,0.013939199539261397,0.16888866831791477,0.16888866831791477
cat__help_0,-0.1661225193579556,0.11601738508366172,0.09736217950493449,-0.047257045230633295,0.1661225193579556
cat__private6_5,-0.15794412152519444,-0.009409975089953702,0.03720963667566892,0.13014445993948534,0.15794412152519444
cat__commdescription___MISSING__,-0.15410223420049868,-0.0018095299278372045,0.06095871358969969,0.09495305053863073,0.15410223420049868
cat__privacy___MISSING__,-0.15410223420049868,-0.0018095299278372045,0.06095871358969969,0.09495305053863073,0.15410223420049868
num__picturechoosedelete_n_repeats,-0.1536799933878619,0.07054550128589095,0.08069725691338706,0.002437235188616715,0.1536799933878619
num__fulltime,0.151030172193434,-0.05887527219268222,-0.07695943979490664,-0.015195460205862679,0.151030172193434
"cat__commdescription_Уважаемые участники спектакля! Данное сообщество предназначено для обмена важной информацией о спектакле. Кроме того, Вы можете общаться друг с другом на темы, связанные со спектаклем. Убедительно просим Вас формулировать свои мысли четко и писать в данном сообществе только о деталях постановки. Просим Вас написать администратору сообщества, какие участники спектакля еще не присутствуют здесь.",-0.10467019384114881,-0.06262656962096287,0.15061430561426942,0.01668245784784744,0.15061430561426942
cat__mail2_2,0.1452015950994178,0.05539766630103084,-0.12932100482703354,-0.07127825657340368,0.1452015950994178
cat__private1___MISSING__,-0.0172711463586509,-0.01371541977372848,-0.11297514239854338,0.14396170853091583,0.14396170853091583
cat__wall2comment3_5,-0.04586932051722138,0.09291760501614393,0.0964461566220978,-0.1434944411210192,0.1434944411210192
cat__wall2comment3___MISSING__,0.13085905577491616,-0.040182225861785374,0.04981633689052504,-0.14049316680365162,0.14049316680365162
cat__savepicture_first___MISSING__,-0.05559220630902368,-0.13848010382883238,0.13492964740926858,0.05914266272858115,0.13848010382883238
"cat__wall2_Если у тебя есть идеи, в следующий раз сама предложи что-нибудь режиссеру.",-0.1374425628377937,-0.004052400367779365,0.1053826090393527,0.03611235416622152,0.1374425628377937
num__savepictureN,-0.13030347435698575,-0.0758550086343797,0.1367344201292083,0.0694240628621766,0.1367344201292083
num__savepicture_n_repeats,0.12419467696181848,-0.013135412227351043,-0.06992369076920772,-0.04113557396528184,0.12419467696181848
cat__help___MISSING__,-0.12318339554130223,-0.019574819591689135,0.021028667215507595,0.1217295479174755,0.12318339554130223
num__openglasha,0.025417043131649303,0.09215018296864984,0.005452822931254977,-0.12302004903156617,0.12302004903156617
num__savepicture_n_actions,-0.03807508548268324,0.11940436439958156,-0.06124819678699675,-0.02008108212989818,0.11940436439958156
cat__savepicture_first_2,0.0872955437423606,-0.055341212431444894,-0.11666753622939798,0.08471320491847875,0.11666753622939798
cat__savepicture_first_4,-0.07984186962123128,0.11340928389526961,0.021354773532934218,-0.05492218780696982,0.11340928389526961
cat__mail2___MISSING__,-0.0485070176844745,0.11071884175848677,-0.07010234103958321,0.007890516965564056,0.11071884175848677
cat__commfoto_Изображение 2,-0.09965289946518988,0.05427026527666424,0.08430364911147332,-0.038921014922941505,0.09965289946518988
num__copymail_is_exact_email,-0.011522128026008419,0.06689341644248512,0.03793633823656291,-0.09330762665304546,0.09330762665304546
num__authorN,-0.029601008171262298,0.0008236431779834874,0.08974953294872026,-0.06097216795543139,0.08974953294872026
cat__commtypes_Бренд или организация,0.05439947547226127,-0.08274206359667761,0.08837073232021159,-0.06002814419580143,0.08837073232021159
num__authortime,-0.08819860279678088,0.021314205140885608,0.002945274685616854,0.06393912297028584,0.08819860279678088
num__picturechooseN,-0.08062895174367944,0.002973872749421935,0.042028748076947224,0.035626330917301156,0.08062895174367944
"cat__wall4_Пусть напишут тебе в личные сообщения, что у них есть",0.048330987208649985,0.08054213118244835,-0.05388120895744822,-0.07499190943364832,0.08054213118244835
num__authorN_is_missing,-0.026443896084474467,0.0484029251937734,0.04538296523201689,-0.06734199434132108,0.06734199434132108
num__authortime_is_missing,-0.026443896084474467,0.0484029251937734,0.04538296523201689,-0.06734199434132108,0.06734199434132108
cat__picturechoosedelete_first___MISSING__,-0.016452468958304132,0.0632511449334439,0.01807936875710144,-0.06487804473223292,0.06487804473223292
cat__loginchoose_pomrezh,0.05673472801723204,-0.06097554811970651,-0.01630335235810823,0.02054417246058596,0.06097554811970651
num__picturechoose_n_actions,-0.004811453512654459,0.04397492789959527,-0.011264522023879488,-0.02789895236303127,0.04397492789959527
num__picturechoose_n_repeats,0.0,0.0,0.0,0.0,0.0
