,Ось1,Ось2,Ось3,Ось4,Ось5,Ось6
exit_0,-0.4873740908954466,0.002455000811870087,0.018173617996721843,-0.0936887685470402,0.06796560835924545,-0.026995313646042945
exit_1,0.4255875108313993,0.7656083781950913,0.04983123524242544,-0.11276220615376023,0.09572815683691077,-0.18449491977004637
exit___MISSING__,2.276412040811072,-0.13406138032814813,-0.011712895135490412,0.01822911775344754,-0.0085713313861445,0.015645617658109668
exit_поиск,-0.4054918232279127,-0.11554282735295694,-0.05769738572872539,0.22296120606602174,-0.13297681759637847,0.09226315617875976
exit_почта,-0.38726055391863967,-0.23170091298204776,-0.013672239447055534,0.21469152078718032,-0.26122681476507675,0.12528506782075063
firstclick___MISSING__,0.6115212574648168,-0.12550819115669343,-0.03118332986376893,0.14054865809113828,-0.10506503537545764,0.06390209327499505
firstclick_поиск,-0.42289763477536335,0.09296866088282066,0.041496958110915305,-0.11752861417842284,0.10163777327291744,-0.1347673708723528
firstclick_почта,-0.41987407313419745,0.07551505177966632,-0.04277259066679257,-0.04442870629355356,-0.01598513149745093,0.2043864685480316
firstclick_соцсеть,0.02001515799635575,-0.35154867169257437,0.263009599769946,0.3590500520826356,0.1385910254459618,0.8228170782694303
loginchoose_123abc,-0.3240958145463109,0.5619793765483868,0.0521028105499663,0.12438046557859324,-0.019972199301840642,-0.14179590315764423
loginchoose_Pom_Rezh125%,-0.4370460045861328,-0.32099461364050946,-0.09201623151536284,-0.0332585475888509,-0.03454656118288984,0.07446879938287422
loginchoose___MISSING__,2.279031070009582,-0.13047936319167558,-0.013815076234952803,0.018305850456057197,-0.0042429779411484285,0.015494177607718838
loginchoose_pomrezh,-0.3853930287642876,0.21160006360260963,0.14697817699909174,-0.062382495205210664,0.09175624474918331,-0.028115764121181497
help_0,-0.3746420118285617,0.033242575302682244,0.007448755396271438,0.008555295925743198,-0.004993679647122018,-0.023980137434389148
help_1,-0.37244953480122894,-0.051605791573847974,-0.03820330900549749,-0.09132162805059939,0.05098160785817092,0.1575765869001262
help___MISSING__,2.2891823622884258,-0.14259419175582785,-0.012903636438531077,0.019101881750104858,-0.009489169457895604,0.016811274088645942
commtypes___MISSING__,2.272500430649549,-0.12147043442031141,-0.014737015745196981,0.019658317938950263,-0.0002287733322980006,0.013825712797549159
commtypes_Бизнес,-0.37054065566027794,1.4365854031309784,0.06446090880517645,-0.060335808430086964,-0.41067770881500254,0.13485925144555083
commtypes_Бренд или организация,-0.3563261091818266,0.42569602624909497,0.20736358475037117,-0.19884325423199156,-0.08560473305390653,0.09886069476539908
commtypes_Мероприятие,-0.42047821105031097,-0.2290704861735566,0.00922438745838117,0.02020722583664676,-0.007500783513115709,-0.006196562373187292
commtypes_Публичная страница,-0.3901360626193661,0.48457001285823065,-0.2084367486907833,0.16669694425143378,0.15680358092178423,-0.05195956992746008
commtypes_Сообщество по интересам,-0.4084617055778157,0.06638012774293413,0.0424799997959336,-0.11579976885021889,0.13951492503023163,-0.047261439498865104
commtypes_Тематическое сообщество,-0.3785818414335208,0.3217899959651462,-0.08758916602543022,0.026352922281209477,0.0036823573785032017,-0.010535153539861659
commname___MISSING__,2.272500430649549,-0.12147043442031152,-0.014737015745196109,0.019658317938949864,-0.00022877333229748574,0.013825712797549638
commname_«Сон в летнюю ночь»,-0.37594712778620043,0.8698733335821431,-0.04438259314543619,-0.027169133116932698,0.0022475117835875466,-0.08211512308741609
commname_Наш спектакль «Сон в летнюю ночь»,-0.41108719393140997,-0.061783244387305446,0.10875110044358065,0.01363907987229069,-0.07202902572216624,-0.0384009742646157
commname_Спектакль «Сон в летнюю ночь»,-0.41458803409973893,-0.23115137416466439,-0.018181300396371496,-0.001549595380713329,0.02404433323134263,0.03629581858582461
commеtheme___MISSING__,2.272500430649549,-0.12147043442031152,-0.014737015745196112,0.019658317938949885,-0.00022877333229749932,0.013825712797548894
commеtheme_Наше выступление,-0.35133211777797235,0.8686181090705536,-0.025770764258476846,0.03292356705732217,-0.16502484591447525,-0.052597136683416215
commеtheme_Постановка спектакля,-0.42067185561829984,-0.21483779962458752,0.008381441261724592,-0.014742386347004803,0.019099778812017066,-0.0076873714151897135
commеtheme_Театральные будни,-0.34558492918664807,1.0775344131090046,-0.013231528238248224,0.051306368166361756,0.036011807601217596,0.1068099425789099
commdescription___MISSING__,2.267231212065274,-0.11762445368430711,-0.013746613225895534,0.018400672793072254,0.0008652990768510099,0.013258683674298862
"commdescription_Всем привет! Это сообщество создано для участников спектакля. Здесь будет собрана важная информация, и можно просто пообщаться друг с другом. Но комментарии совсем не по делу будут удаляться. Если вы увидите, что каких-то участников тут не хватает, напишите мне.",-0.40037625088404977,0.15036941396188705,0.055047332294493295,0.04701482726255315,0.024179781806704537,-0.08389676647683206
"commdescription_Уважаемые участники спектакля! Данное сообщество предназначено для обмена важной информацией о спектакле. Кроме того, Вы можете общаться друг с другом на темы, связанные со спектаклем. Убедительно просим Вас формулировать свои мысли четко и писать в данном сообществе только о деталях постановки. Просим Вас написать администратору сообщества, какие участники спектакля еще не присутствуют здесь.",-0.4190404844493582,-0.08156003544150732,-0.02478517987998263,-0.007738314171641064,0.0006127129322334701,0.048655394463541654
commdescription_🎭Сообщество для участников спектакля «Сон в летнюю ночь». Только важное.,-0.3648478694401253,0.3419072066834341,0.043831487747821064,-0.0965059453498346,-0.06301542209823367,-0.12025043547032792
commfoto___MISSING__,2.267525189478554,-0.11607626086452354,-0.014301943818604747,0.01883383914112487,-8.05218579694796e-05,0.012796927764068962
commfoto_Изображение 1,-0.3827687986275317,0.24378424965649617,0.12746838906825364,-0.0271046026870879,-0.033523943259804984,-0.13072508025006857
commfoto_Изображение 2,-0.39795059575806135,0.3134129398496403,-0.05888285454591324,-0.06047463977267774,0.11647947855518402,-0.03372421074477062
commfoto_Изображение 3,-0.4406430776163115,-0.4069457624040151,0.01400441673800253,0.026427120786185226,-0.09669916976076218,0.03980901450605421
commfoto_Изображение 4,-0.3077960230402416,0.7392835788414727,0.158522073915264,0.01690502832315555,0.37796243055274154,0.18502424850671034
commfoto_Изображение 5,-0.40290440387281456,0.24648547388753017,-0.18489349777969177,0.04683832619960485,0.002060313473471233,0.0641149011137551
privacy___MISSING__,2.267231212065267,-0.11762445368430764,-0.013746613225895614,0.018400672793072986,0.0008652990768505223,0.013258683674299257
privacy_Закрытое,-0.4260749571486335,-0.29093020562917005,-0.04948745199543568,-0.011436847371648214,0.027353739680280553,-0.009303669127513787
privacy_Открытое,-0.37134837103027685,0.689758519647624,0.11378254485422533,0.014076155467599412,-0.05907927359345921,0.01241905532096699
mail1_1,-0.43989497523059434,0.1069142305264262,0.03011214789639639,0.02004425761495416,-0.051246676559702706,-0.0023415953293991773
mail1_2,-0.44910678592544,-0.05722372744839939,0.004707167796520541,-0.0017771618381490794,0.022768860904680922,-0.004709155702403975
mail1_3,-0.33363239749314116,0.8256796765124603,-0.5705906965031998,-0.18349150377119394,-0.12417514950784109,0.12192152026031698
mail1___MISSING__,2.1586887576851947,-0.04132533520860183,0.0007953070526996017,-0.003115310018714562,0.0075882609770934585,0.006585327680614818
mail2_1,-0.4508136181803344,-0.2612116451124538,-0.049266653161582824,-0.08446650728391353,0.02790822121015875,0.04764314815559482
mail2_2,-0.4446266434088025,0.2071312211344065,0.10806548455335546,0.05567397357467357,-0.017979917443886825,-0.01849006965011025
mail2_3,-0.4337376020087926,0.3587999034027049,-0.09590575250882087,0.13039429784728812,-0.051882985836694984,-0.10263314446158489
mail2___MISSING__,2.1510496263868704,-0.03907525543987157,0.0008809733802685005,-0.004250818533020166,0.007576585759090282,0.002744705303458415
wall1___MISSING__,2.116560927683282,-0.006863928186681764,-0.007317153488976162,-0.02524191189871408,0.017571993111438394,-0.014430250620189983
"wall1_Привет! Я думаю, что повезло всем, кто участвует в этом спектакле 🎭🎼",-0.45664260523971595,-0.144833704175052,0.012495150977588704,0.06228735641695961,0.01350212079505154,0.008755066588773595
"wall1_Привет! Я думаю, что повезло всем, кто участвует в этом спектакле 👌🎉",-0.45847093916623777,0.03674540358287146,0.02716061816228295,-0.06567654311748088,0.00830236806485888,0.004289689895240342
"wall1_Привет! Я думаю, что повезло всем, кто участвует в этом спектакле 💐🤦‍♂️",-0.3937951273649254,0.7989096143691047,-0.23866993920021357,0.062484318048679106,-0.20170931670010686,-0.04422155256131248
private1___MISSING__,1.122769762371741,0.14000636905767558,-0.034377743953119266,-0.02560867165205034,-0.007768002966671476,0.06146784692867431
"private1_Не думаю, что стоит об этом кому-то рассказывать.",-0.4686767231855241,-0.18013501870394277,-0.024968640303850643,-0.03353058662203298,0.03093982196964347,-0.021306677727846668
"private1_Ничего себе, расскажу об этом в сообществе!",-0.46146163697189463,0.590702454232512,0.2235781593412305,0.24608385597373145,-0.1443483515222541,-0.04844510189643974
private2___MISSING__,2.097157532574419,0.004734287316485609,0.0011345306923419788,-0.023619602995688684,0.0211130970231974,-0.01465171501119506
"private2_А ты уверен, что стоит сидеть на этом сайте?",-0.44808635031998617,0.4306421335221804,0.06647228120595274,0.20859606013970522,-0.06796319642227233,-0.06933793079606201
"private2_Не думаю, что стоит заходить на такой сайт",-0.46000272746616805,-0.17716820925438256,-0.015230231847476308,-0.04497041947805235,0.032190114546109025,-0.0031354616322271187
"private2_О, прикольно, пусть все посмотрят этот сайт!",-0.4278060049971551,1.7209638423932136,-0.053610988282311346,-0.04208410546910208,-0.5427452037007785,0.6514909493149552
wall2___MISSING__,2.0551455311394635,0.024709181458166616,0.001512800313543488,-0.03662487392408762,0.02373012165096009,-0.01724253191306626
"wall2_Да ладно тебе, ты думаешь так, другие ребята могут думать иначе.",-0.46777281908254004,-0.15371858107040928,0.07184751526735253,-0.12047102099443349,0.009769820820931105,0.06551604370047555
"wall2_Если тебе что-то не нравится, можешь в спектакле не участвовать и в группе не сидеть!",-0.4408488811695157,0.7660231423450858,0.1616981804633688,0.09191277299184905,-0.05163342382178147,0.07146294434932912
"wall2_Если у тебя есть идеи, в следующий раз сама предложи что-нибудь режиссеру.",-0.4629430973543143,-0.1659498537121661,-0.09361052130230535,0.05575501262356383,0.0007364207400209793,-0.05323422793567036
wall2comment3_1,-0.4494615723868849,0.6651102605013522,0.11851094779218772,0.04358221221531749,0.12015990378639024,0.03806879732433305
wall2comment3_2,-0.46478101645984815,-0.19299897355235918,-0.17399556797815616,0.035166080620942945,0.003902562736999101,-0.05924589489817725
wall2comment3_3,-0.46376774734102455,-0.337727087357142,0.06419467723693488,-0.10459762757575254,-0.06904799682667441,-0.014702252822199667
wall2comment3_4,-0.46350168881168347,-0.22739351058952328,-0.45152885621448535,0.4396833810438876,0.047305575443733976,0.1864760304950765
wall2comment3_5,-0.4642080378589627,-0.10009743343669203,-0.06610096766745766,0.14101101073657074,-0.1532057566364076,0.07135851351941068
wall2comment3___MISSING__,2.0721199294238413,0.015767765254783937,0.00864288838572286,-0.021665322272513922,0.01371942113965774,-0.010378567054213677
wall2comment4_1,-0.441979761882159,1.1765995482911547,0.17279731922008787,0.19486261987537598,-0.04015153914152918,0.17997349802522405
wall2comment4_2,-0.45192722400280505,0.44606428217950134,-0.1933778305626684,0.16557041977764222,0.09287918971486318,-0.1376591787682815
wall2comment4_3,-0.46348473437057847,-0.3495272550346865,0.0901062791790585,-0.06842055528878553,-0.03170542577298016,-0.04327061597222739
wall2comment4_4,-0.472705007926153,-0.6225664116849385,-0.22399985542379622,-0.08057851102875388,0.03459674946200946,0.14142699137069878
wall2comment4_5,-0.4680446927225128,0.09236907254946586,-0.10116864237715563,-0.03586042078393188,-0.0009524747107741753,-0.11464476879952847
wall2comment4___MISSING__,2.06857629512806,0.018069243971044712,0.006163206014097732,-0.025590853931387412,0.014242562972294976,-0.009789543414592825
wall2comment5_1,-0.4638030379572742,-0.05955905530601683,-0.002733738159639536,0.051371796415908874,0.048986256804472966,0.002294968473110273
wall2comment5_2,-0.4519794973893168,0.2725129935203864,-0.30391495974884775,-0.0881291680688921,-0.08649341558381923,0.15194857115860672
wall2comment5_3,-0.44822892448608076,0.014331068703225824,0.2598589712437707,-0.3067268961624341,-0.2858211084224138,-0.1308840184578148
wall2comment5_4,-0.474661328139433,0.07054314784821171,0.7082441684573957,0.27121815042413944,-0.8211622160921029,0.05104031490902465
wall2comment5_5,-0.4209520460192833,1.3045889300077707,-0.35877492793369975,-0.05409033000998248,-0.2028182099997471,0.1557121802730624
wall2comment5___MISSING__,2.0651582391037806,0.023165039302892775,0.009289696597217184,-0.019106949146580957,0.011201097302269907,-0.013877605606438847
private3_1,-0.46336075804312993,0.41373249211991503,0.15082317825084585,0.07340282140331697,0.1216898347478475,-0.042453370133221584
private3_2,-0.47076324150559795,-0.34041463392396737,0.1312907809816899,-0.2228826471124065,-0.19545462995682958,0.07035636325437028
private3_3,-0.47564630804123315,-0.3119068631841472,-0.22613013755856212,-0.08426633612393529,-0.1345526236286097,-0.08488358992039273
private3_4,-0.467950022469498,-0.044961730402868,-1.00771963052969,0.7535502657927031,-0.3430900531029803,0.2715470148824885
private3_5,-0.4706620393647324,-0.6131177292270349,-0.19625432837146953,-0.04300451669631409,-0.08925960663868146,0.10456196381862873
private3___MISSING__,1.9848449059626054,0.04375797359610389,0.007419785524803199,-0.03044169242993032,0.019691900800655367,-0.02794297342868761
private4_1,-0.46419374365910165,0.5341713527705458,0.19547499698555323,0.09336206395189925,0.10900882089935444,-0.05040547779245853
private4_2,-0.4697639928902298,-0.16280518621170811,0.321131504641097,-0.14343506662147334,0.07700126365832935,0.09837013042303623
private4_3,-0.4737378787596806,-0.44804263284754114,-0.21756340454109938,-0.0848098848135627,-0.08177965527184518,0.024338337735691204
private4_4,-0.46596876034175183,-0.3211576818706531,-0.37667459196286057,0.1298977175535673,-0.12511528428284585,-0.04915891201581199
private4_5,-0.44779355784725017,0.6053500739718888,-0.7107713365782123,0.2658778689388449,-1.668276022938408,1.1440769201434817
private4___MISSING__,1.9741210721236817,0.051902285228743385,0.009269414044219559,-0.024869719063005172,0.008154335277182432,-0.02353023312907375
private5_1,-0.46091453711513647,0.9078256898334441,0.2268055790978094,0.06104102087503492,0.08466767318122378,0.0014136017409998004
private5_2,-0.4738043832310177,-0.11229844575206453,0.24513798300312753,-0.013118606481081546,0.04570970903547199,-0.11106372464181818
private5_3,-0.4755555084726573,-0.36154940344735775,-0.14806608422337764,-0.12957351948346948,0.0068319168805881835,0.04124082563085166
private5_4,-0.47063949550422357,-0.27611868815583335,-0.18084623477321046,0.13282410753188093,-0.12053559373106054,0.024742276406002378
private5_5,-0.4715614966231093,0.16374469088065585,-1.1216332014957002,0.7999135639894462,-0.46275024071653165,0.590434756645852
private5___MISSING__,1.9146061695459788,0.059468622934307026,0.01662786883588331,-0.018002820650971415,0.008020035202483747,-0.014819461930792865
private6_1,-0.4665950301091745,0.4541421267473906,0.13504666442017602,0.05663757667132885,0.07858299405691115,0.08039834924862803
private6_2,-0.46008221096193475,0.6032713826438094,0.13144983890054504,0.2030952219866514,-0.01328056136127051,-0.04080491010329378
private6_3,-0.4701378452658948,0.0733419861342589,-0.04186650475820689,0.09541101274244715,-0.0123808914184838,-0.09165901636482388
private6_5,-0.473534650784691,0.10475203260116407,0.1631243799027838,-0.0026929698830413717,-0.004109565678138888,-0.05370029684238037
private6_6,-0.4788483944702472,-0.5707405143593329,-0.21201383543527014,-0.14543134552337292,-0.011631772888548851,0.11258754807437785
private6___MISSING__,1.8563388721963114,0.07869094196248501,0.02054388517766306,-0.014624786126429251,0.0027354143257716365,-0.020650368218505088
wall3___MISSING__,1.9299232048318973,0.06117835488398997,0.011603353831876554,-0.01768109073102382,0.005672806520781602,-0.020995317860814672
wall3_Скачай отсюда: www.bestsoft.com,-0.4619708148323513,0.4576825040483602,0.11526153184259724,-0.01820749150612801,0.1483647250971918,-0.07753330847471175
wall3_Скачай отсюда: www.editvideo.com,-0.47421571714287974,-0.26217923813757504,-0.003098901025943907,-0.07559563649382137,-0.05018995055898887,-0.021905413890890377
wall3_Скачай отсюда: www.videoavi.com,-0.4695341040991795,0.0773464528922843,-0.044998462889925935,0.09712835503774192,-0.0034719212650660917,0.06348589009774734
wall4___MISSING__,1.8837428163932748,0.07087929236604687,0.01928942643256277,-0.017771794025999547,0.004919362345410395,-0.01892768749674227
"wall4_Давайте все напишут свои номера телефонов, а мы им позвоним",-0.4538894798543283,1.2184387748738839,-0.08482265241365093,-0.11374259302234326,-0.30343972638428357,0.38187549454056513
"wall4_Пусть напишут тебе в личные сообщения, что у них есть",-0.47345582159916355,-0.13645791762546094,-0.01338953317340668,-0.07351705286242548,-0.004638660112146894,-0.04832959921537844
"wall4_Ребята, напишите здесь свои комментарии, что у вас есть",-0.4729488699703965,-0.0995521661302397,0.026535002433254528,0.08094232269619572,0.015883297915561166,0.013803585730527387
"wall4_Сделай сайт, на котором они смогут тебе ответить",-0.462928475346738,0.6142686275129823,-0.11426536883437248,0.016298127436305338,0.03769529796641516,0.08459347971377287
savepicture_first_1,-0.4176531629001592,0.35221308803109713,1.0625908659609953,0.06981843986908422,0.47125350179615194,-0.693395167628595
savepicture_first_2,-0.4249052710757607,-0.427543721894416,0.5104862526604668,-0.21139252422324156,0.4171285168772077,0.6196944531217901
savepicture_first_3,-0.41623335055647653,0.4651966086606084,0.08500504490043542,0.9340592720550186,-2.1281547808913497,0.7427024015193283
savepicture_first_4,-0.4312665874726981,0.10229226156623798,-0.0010618075937081218,0.14491660112347535,-0.05052756960542206,0.13282211240178798
savepicture_first_5,-0.46012805115246114,-0.8130811833197065,-0.8568637445744449,-0.12219017822730802,-0.7986115411886763,-1.2853490876221065
savepicture_first_6,-0.3866086678180165,1.256298963683174,-1.6768851224898411,-2.152542276441161,0.16234596823457345,0.6500946741855492
savepicture_first_7,-0.4374861666714835,0.4710735441091705,-0.8897819312582202,0.55893115938556,0.6306955104801562,-2.487397197701836
savepicture_first_8,-0.3715578952509977,0.23823597195157603,-2.4540811624751084,3.2459796087150017,2.3413252959724367,1.1640710636349711
savepicture_first___MISSING__,2.216451751656299,-0.07692063951398614,-0.003909659866418915,0.008159545023923364,-0.002664387010867372,0.00043206082912003484
picturechoose_first_1,-0.4116198304173901,0.5559721787772717,1.1112893698103452,0.09928561328176201,0.44616123865381774,-0.8452253387997232
picturechoose_first_2,-0.44527516150644053,-0.45584670405845856,0.4162655594550477,-0.17091473665224216,0.31342769074092486,0.5026530898921298
picturechoose_first_3,-0.40999247878300904,0.617268871859993,0.012735380444928442,1.0239483788035708,-2.4607592619693195,0.8194331901108153
picturechoose_first_4,-0.4483753282926406,0.09329918854838144,-0.16344853344113938,0.176988209118169,-0.11837162740156468,-0.07142360974622779
picturechoose_first_5,-0.45188347940009393,-0.675816579019122,-1.0644235461022042,-0.029180016671203176,-0.774656330331015,-1.4443774927544801
picturechoose_first_6,-0.3980764516200283,1.3999160075305261,-1.8517898323861568,-2.4159532311608714,0.21590775015889294,0.7153977704396609
picturechoose_first_7,-0.4369053978974653,0.8238723364210284,-0.9920021290395948,0.7616315489100189,0.6721254619178256,-2.7834845031359428
picturechoose_first_8,-0.44549059661220053,0.38972972277479684,-2.603972017291379,3.5483044181638004,2.5006105745547766,1.3938187780733973
picturechoose_first___MISSING__,2.188965816904325,-0.05589230251134269,-0.005086734095355986,0.006534755592440699,0.003229397452741536,0.004028546678725655
picturechoosedelete_first_1,-0.39460279779738827,-0.08050800510512039,1.2711834710771204,0.0049523276965844935,0.46349452758922066,-0.7385398144960568
picturechoosedelete_first_2,-0.45961199848333123,-0.6086765191715386,0.33729196086727026,-0.1651528269921379,0.3111796602774449,0.5739837264181558
picturechoosedelete_first_3,-0.43285798681446064,0.5158275280666633,-0.04361340095088532,0.8506926654890021,-2.2341156523808765,0.5913680815605449
picturechoosedelete_first_4,-0.4702079920019435,-0.6289665381391943,0.3758760545982183,-0.23175999211367743,0.22767716789354084,0.5510540923026619
picturechoosedelete_first_5,-0.45982988994577395,-0.8962745666862135,-0.6420220095446202,-0.017577001821868055,-0.41884380524639453,-1.121948900898191
picturechoosedelete_first_6,-0.41627990987602564,1.167239815377732,-2.0249039432768767,-2.3836758037701355,0.39380014116828194,0.4155872898101937
picturechoosedelete_first_7,-0.38185759932274604,0.4134913692736916,-0.5817508628188331,0.4310004316698486,0.8559482284219412,-2.5389233932676953
picturechoosedelete_first_8,-0.45519687384670526,0.17152724516556594,-1.9649855293360088,2.8817353679085826,2.203679494381229,1.6176431441687427
picturechoosedelete_first___MISSING__,0.07703444093674103,0.03060235386277085,0.020538868687537355,0.019197295070315253,-0.025248060329024418,-0.0016718335109321002
citationcode_first_1,-0.45197408372258757,0.2713895869499599,1.3425216571311973,0.03674474424980008,0.6273142342403117,-1.0868190070951458
citationcode_first_2,-0.47600793554972465,-0.7531938644334206,0.5848180968843989,-0.24840804695120036,0.45630768816180467,0.6969854649239652
citationcode_first_3,-0.4593424712901869,0.17003470083893626,-0.009279456958046854,1.1721588592740413,-2.9187227339157262,0.9967370274342721
citationcode_first_4,-0.4544247911777739,-0.27544698231571557,0.04376455746927891,0.09421397249676915,0.007279750780453563,0.20165589807828965
citationcode_first_5,-0.4799441477276111,-1.033629573475956,-0.9684650635103104,-0.18977236135424236,-0.8675401857086883,-1.2995700801078789
citationcode_first_6,-0.42671851133306266,1.3731053360693595,-2.46636568051175,-3.3528631058668763,0.33671787152588994,1.1132538603296278
citationcode_first_7,-0.43631371159276217,0.3308062918133784,-1.4798661798057113,0.5826774861168442,0.73541060935405,-3.377969920970955
citationcode_first_8,-0.48396421009259916,-0.1144312322924202,-2.7168578002970287,3.446043818226224,2.478950460945616,1.1968381182367944
citationcode_first___MISSING__,0.391650164721519,0.3320605039210718,0.041421684177707405,0.00892320173721111,-0.029026622396357577,-0.021652488713875397
